ID,Categoría,#,Idea principal,Qué se debe hacer,Qué se espera,Fundamento
redes-instagram,Redes y canales — CRÍTICO,1,Recuperación o recreación de la cuenta de Instagram @uifce_un,"Agotar primero las vías de recuperación de la cuenta @uifce_un (verificación de identidad ante Meta, apoyo de Imagen Institucional/Unimedios, revisión de correos y dispositivos con sesión activa) e insistir por distintos canales con la persona con la que se ha intentado retomar contacto. Si no se logra recuperar en un plazo máximo de 2-3 semanas, escalar pidiendo la intermediación directa del profesor a cargo del área y, en paralelo, crear una cuenta nueva oficial, tramitar su oficialización ante la Oficina de Medios Digitales de la UNAL (mismo procedimiento ya usado con Instagram y LinkedIn en 2025-2) y migrar de inmediato los contenidos disponibles.","Contar, a más tardar en la semana 4 del semestre, con una cuenta de Instagram activa y oficial (recuperada o nueva) desde la cual retomar el calendario editorial sin perder la continuidad de la estrategia de difusión.","Instagram es, según el diagnóstico 2025-2 → 2026-1, el canal principal de la UIFCE: concentró 25 reels con 83.649 visualizaciones y 2.323 interacciones en el último semestre. Su pérdida es una contingencia reportada por el área que pone en riesgo directo la ejecución de todo el portafolio de comunicación 2026-2. El video de empalme con la líder saliente confirma que persiste incertidumbre real sobre qué ocurrió con la cuenta y sobre la identidad de la persona contactada, por lo que no conviene depender de una sola vía de gestión."
redes-linkedin,Redes y canales — PRIORITARIO,2,Posicionamiento prioritario de LinkedIn UIFCE,"Definir LinkedIn como canal prioritario del semestre: construir un calendario editorial propio (logros de monitores y egresados, proyectos de estudio, contenido profesional/técnico), aumentar la frecuencia de publicación frente a 2026-1 y evaluar la migración de contenido desde la cuenta personal hacia la cuenta empresa de la Unidad, pendiente según la Guía de Empalme.","Superar de manera sostenida las cifras de 2026-1 (7 publicaciones, 1.491 impresiones, 42 reacciones), consolidando a LinkedIn como el canal de posicionamiento profesional e institucional de la UIFCE ante egresados, empresas y otras dependencias académicas.","LinkedIn ya cuenta con oficialización institucional obtenida en 2026-1 y mostró el mayor crecimiento relativo del semestre (de una red subutilizada a un canal con métricas propias). Ante la contingencia de Instagram, se prioriza como canal estable adicional para no concentrar el riesgo de difusión en un solo canal."
redes-tiktok,Redes y canales — NUEVO,3,Creación de la cuenta de TikTok UIFCE,"Solicitar ante Imagen Institucional/Unimedios los lineamientos para cuentas institucionales en nuevas plataformas, crear y oficializar la cuenta de TikTok siguiendo el mismo trámite usado en 2026-1 para Instagram y LinkedIn, y definir un formato de contenido propio (no una simple réplica de los reels de Instagram). Complementar el lanzamiento con difusión ""análoga"" presencial (volantes/folletos entregados directamente a estudiantes en la Facultad, siguiendo la lógica de negocios cercanos que reparten volantes con promociones), en lugar de depender solo de que la audiencia encuentre la cuenta por su cuenta en redes.","Contar con una cuenta de TikTok oficial y activa hacia la mitad del semestre, con un primer lote de publicaciones que permita evaluar su aporte real de alcance antes de comprometer más capacidad de producción del área.","Los hacks informáticos y los reels demostraron en 2026-1 que el formato de video corto es el de mayor alcance de la UIFCE (23.029 visualizaciones en hacks, 83.649 en reels). TikTok es la plataforma nativa de ese formato y amplía el alcance hacia la población estudiantil que la usa como canal principal de consumo de contenido."
redes-youtube,Redes y canales,4,Consolidación y cierre de oficialización de YouTube UIFCE,"Cerrar el trámite de oficialización de YouTube ante la Oficina de Medios Digitales UNAL, en curso desde 2025-2, resolviendo los inconvenientes de titularidad de cuenta ya identificados. Definir un calendario editorial propio (tutoriales, hacks en formato largo, videos institucionales) y coordinar con Virtualización la incrustación de videos de cursos.","Trámite de oficialización cerrado y canal activo con publicaciones propias del área durante el semestre, además de servir como repositorio de los videos de cursos virtualizados que produce Virtualización.","El informe de gestión 2025-2 dejó este trámite en curso; sin cerrarlo, el canal no cuenta con respaldo institucional formal pese a ya tener suscriptores y contenido de Virtualización dependiendo de él."
normativa-terminos-condiciones,Normativa,5,Cierre de Términos y Condiciones de Estrategias Tecnológicas,"Redactar el documento formal de Términos y Condiciones de ET (microtalleres, microeventos, Hackatón y otros eventos), definiendo con claridad las penalizaciones por inasistencia y dando continuidad al Manual de Microtalleres y Microeventos ya vigente. Presentarlo a Coordinación para aval.","Documento aprobado y difundido a la comunidad UIFCE antes del cierre del primer tercio del semestre, de forma que rija desde los primeros microtalleres de 2026-2.","La planeación 2026-1 dejó este ítem en estado pendiente, y el informe de gestión 2025-2 identificó explícitamente la falta de claridad en penalizaciones por inasistencia como una dificultad operativa del área."
produccion-piezas-audiovisual,Producción de contenido,6,Piezas gráficas y material audiovisual,"Mantener la producción semanal de piezas y contenido audiovisual bajo un calendario editorial único (referencia histórica: un reel por semana y una pieza cada 15 días), priorizando calidad sobre volumen, y verificar la vigencia de la licencia de Adobe ya instalada en el equipo de la unidad usado por el monitor de artes (evitar depender de licencias personales). Retomar y terminar el material institucional pendiente identificado en el empalme: video de bienvenida tipo ""trailer"" para nuevos integrantes, ampliación del video de testimonios de ex-monitores (solo 3 grabados y sin editar), edición de los dos videos de apoyo académico ya grabados, y uso de los bloopers guardados para un evento de cierre de semestre.","Un flujo constante de piezas aprobadas por el grupo de ""Piezas Redes Sociales"" (visto bueno de los coordinadores), sin los cuellos de botella de licencias reportados en 2025-2, y al menos dos de las piezas institucionales pendientes (trailer, ex-monitores, apoyo académico) terminadas durante el semestre.","El diagnóstico identificó como lección aprendida que la cantidad de piezas no garantiza impacto, y como brecha la ausencia de licencias institucionales de software de diseño y edición. El video de empalme detalla piezas institucionales de alto potencial (especialmente el video de ex-monitores, señalado como palanca de atracción de nuevos monitores) que quedaron sin terminar en 2025-2."
produccion-hacks-informaticos,Producción de contenido,7,Repositorio de Hacks Informáticos,"Continuar la producción y publicación de hacks informáticos aplicando la rúbrica de calificación ya creada en 2026-1 (duración estándar, vigencia, calidad audiovisual). Depurar contenidos obsoletos y mantener actualizado el repositorio interno.","Mantener o superar el alcance logrado en 2026-1 (23.029 visualizaciones y 526 ""me gusta"" en 11 hacks), con un repositorio depurado y vigente.","Los hacks informáticos son, junto con los reels, el formato de mayor tracción medido en el diagnóstico 2025-2 → 2026-1."
eventos-microtalleres,Eventos,8,Microtalleres UIFCE,"Ejecutar un máximo de 5 microtalleres en el semestre (idealmente 3), priorizando calidad y asistencia efectiva sobre cantidad, y evitando programarlos en las últimas semanas del calendario académico. Implementar certificados de participación desde el primer microtaller (misma plantilla usada para Cursos Libres), confirmar con Juan Martínez (ex-monitor de geología) si dicta el microtaller ya diseñado de ""Análisis espacial aplicado a las ciencias económicas"" (5 sesiones), y confirmar con Jonny el horario del microtaller de Introducción a la Lógica de Programación.","Mayor asistencia efectiva por microtaller, con un tope de 5 microtalleres en el semestre frente a los 10 de 2025-2, certificados de participación entregados desde el primer microtaller dictado, y al menos un piloto en modalidad virtual/híbrida.","Lección aprendida directa del diagnóstico: alta inscripción con baja asistencia efectiva, y menor participación en los talleres realizados al cierre del calendario académico tras el paro. El video de empalme confirma este patrón (hasta 2% de asistencia en los últimos microtalleres de 2025-2) y añade la certificación de participación como demanda recurrente de los asistentes no resuelta hasta ahora."
continuidad-blog,Proyectos en continuidad,9,Blog UIFCE,"Aprobar y ejecutar la propuesta de difusión del blog, pendiente desde 2026-1, coordinando un cronograma conjunto con Gestión del Conocimiento (GC): GC cura y redacta los resúmenes de proyectos de estudio, ET diseña la plataforma y acompaña el despliegue.","Blog con contenido y difusión activos durante el semestre, con la delimitación de funciones frente a GC funcionando en la práctica.",La estrategia de difusión del blog quedó pendiente desde 2026-1; la delimitación de responsabilidades frente a GC ya se fijó en el Manual de Funciones y Estandarización.
continuidad-micrositio,Proyectos en continuidad,10,Micrositio UIFCE,"Actualizar fotos, biografías y estructura de contenido del equipo vigente (coordinando con Comunicaciones una sesión de fotos institucionales, individuales y grupales por área), gestionando los consentimientos de imagen mediante el script ya existente en el Drive de ET (genera automáticamente un documento de consentimiento por persona a partir de la lista de monitores). Evaluar con Desarrollo (Johnny) la viabilidad técnica de que la foto de cada integrante del equipo enlace a su perfil de LinkedIn al hacer clic, como mecanismo adicional de posicionamiento del canal.","Micrositio con información del equipo vigente para el semestre, desplegado sin retrasos técnicos por falta de coordinación con DS, y una respuesta clara de Desarrollo sobre la viabilidad del enlace a LinkedIn en las fotos del equipo.","La Guía de Empalme señala este proceso como compartido: ET aporta el contenido y DS ejecuta el desarrollo y despliegue técnico. El video de empalme documenta que esta idea de vincular fotos a LinkedIn ya tuvo una prueba informal con buena recepción de Desarrollo, y que el proceso de consentimientos ya cuenta con un script funcional que solo requiere mantenerse actualizado."
produccion-senaletica-salas,Producción de contenido,11,Vigilancia y piezas de software disponible en cada sala,"Mantener actualizadas las piezas gráficas de disponibilidad de software y salas en los televisores de oficina y pasillo, evitando el lenguaje restrictivo (tipo ""prohibido"") señalado en la reunión final 2026-1.",Señalética de salas vigente durante todo el semestre y mejor recibida por los usuarios.,Comentario explícito de la reunión final de 2026-1 sobre el tono restrictivo de las piezas anteriores.
cursoslibres-linea-grafica,Acompañamiento a Cursos Libres,12,Línea gráfica de Cursos Libres,"Completar el despliegue de la nueva línea gráfica modular en medios físicos y digitales, y coordinar con Cursos Libres (CL) el mantenimiento de la cartelera y el diseño de plantillas de certificados conforme a Imagen Institucional.","Línea gráfica desplegada al 100% en todos los medios, y cartelera de CL corregida y vigente.","El despliegue de la nueva línea gráfica quedó en curso al cierre de 2026-1, a la espera de confirmación de logo."
estrategicos-extension-solidaria,Proyectos estratégicos,13,Extensión Solidaria,"Presentar la propuesta técnica y presupuestal completa (metodología, población objetivo identificada a través de Bienestar Universitario, cotizaciones ya cerradas de kit escolar con Doneta y de refrigerio con Colombia Gourmet) ante Vicedecanatura para obtener el aval institucional. Esperar a que se complete el cambio de Vicedecanatura ya en curso antes de formalizar el trámite presupuestal, para no arriesgar compromisos con la administración saliente; explorar en paralelo la vía de una convocatoria de extensión asociada a problemáticas de Bogotá con apoyo de la Vicedecanatura de Investigación y Extensión (contacto: Sandra Carlos Vargas). Una vez aprobada, iniciar la gestión de ejecución.","Aval institucional obtenido y, de ser posible dentro del semestre, ejecución de la capacitación en Excel dirigida a madres cabeza de familia (40 participantes, 15 horas).",La propuesta técnica y las cotizaciones ya están completas desde 2026-1; solo falta el aval de Vicedecanatura para avanzar a ejecución. El video de empalme confirma el aval técnico del profesor Henry y precisa que la recomendación explícita es esperar la transición de Vicedecanatura antes de tramitar el presupuesto.
produccion-carteleras,Producción de contenido,14,Carteleras UIFCE (física y digital),"Mantener la proyección de piezas en las carteleras digitales de los edificios 310 y 311 en articulación con la Dependencia de Comunicaciones de la Facultad, y conservar y actualizar la cartelera física renovada en 2025-2.",Presencia física constante y renovada de la UIFCE en los espacios de mayor circulación de la Facultad.,La articulación con Comunicaciones FCE ya se logró en 2025-2 y debe mantenerse activa como canal complementario a las redes digitales.
eventos-semana-uifce,Eventos / Proyectos estratégicos,15,Semana UIFCE — primera edición,"Ejecutar la primera edición del evento (septiembre), articulada con la Semana de Investigación de la Vicedecanatura de Investigación y Extensión (VIE, contacto Sandra Carlos Vargas), con tres componentes: (1) Hackatón en Bizagi a tres días no consecutivos (capacitación, entrega del caso, y sustentación una semana después), en equipos de 4 y con profesores como jurados, coordinada con Gau y Ángela, quienes ya tienen la capacitación y el proyecto de estudio documentados; (2) microtaller de Introducción a la Lógica de Programación ya comprometido con Jonny; (3) conferencia con invitado del sector empresarial, gestionada por el profesor Montoya vía Daniel, con fecha límite del 17 de septiembre. Formalizar con Carlos Osorio Ramírez (CIID) la donación de cupos en diplomados como premio de la Hackatón, y sumar un stand físico por cada área de la UIFCE en el pasillo de la biblioteca. Activar la Red de Aliados Académicos y solicitar estudiantes de corresponsabilidad con suficiente anticipación para que la convocatoria a la Hackatón no se anuncie de un día para otro, como ocurrió en la edición cancelada de 2025-2.","Primera edición ejecutada con éxito, con mejor convocatoria a la Hackatón que en 2025-2, cuando se canceló por baja inscripción, y con el presupuesto de patrocinios (cupos CIID, refrigerios y bonos vía VIE) confirmado antes del evento.","El documento técnico, el estudio de viabilidad y el cronograma preliminar ya fueron formulados en 2026-1; falta su ejecución. El video de empalme aporta el detalle operativo completo (estructura de tres días de la Hackatón, contactos institucionales concretos para presupuesto y patrocinios, y la lección de que la baja convocatoria en la edición cancelada se debió a difusión tardía)."
estrategicos-boletin-digital,Proyectos estratégicos — NUEVO,16,Boletín Digital UIFCE,"Diseñar la plantilla del boletín, definir el protocolo de recolección de contenido con cada área (AA, GC, DS, Virtualización, CL) y publicar tres números durante el semestre.",Tres ediciones publicadas con contenido aportado por al menos tres áreas distintas de la UIFCE en cada número.,"Responde al entregable de ""boletines informativos"" que quedó pendiente en la planeación 2026-1 y a la ausencia de un canal consolidado de información transversal entre áreas identificada en el diagnóstico."
estrategicos-red-aliados-academicos,Proyectos estratégicos — NUEVO,17,Red de Aliados Académicos UIFCE,"Construir un listado vivo de profesores y asignaturas aliadas por programa curricular (administración, economía, contaduría) que faciliten la convocatoria presencial a eventos y servicios de la UIFCE.",Red activa y utilizada como mecanismo formal de convocatoria para la Semana UIFCE y los microtalleres del semestre.,"Generaliza una necesidad puntual ya identificada en la planeación 2026-1 para la convocatoria de la Semana UIFCE, convirtiéndola en un mecanismo permanente en lugar de reconstruirla cada vez que se organiza un evento."
innovacion-repositorio-ia,Innovación y eficiencia operativa — NUEVO,18,Repositorio de material con IA y automatización de producción de video,"Evaluar y adoptar herramientas de inteligencia artificial en dos frentes: (1) un repositorio de material clasificado y buscable (piezas, hacks, videos, documentos de proyectos), y (2) automatización de tareas repetitivas de edición de video (subtitulado, recortes por plataforma, primeros cortes). Articular el repositorio con el soporte documental permanente del área (idea siguiente).","Un repositorio de material en operación que reduzca el tiempo de búsqueda frente a la práctica actual en Drive, y al menos un flujo de edición de video con una etapa automatizada funcionando de forma regular hacia el final del semestre.","El diagnóstico identificó que el conocimiento del área se pierde si no se organiza y que toda la edición de video depende hoy de un único monitor de artes trabajando de forma artesanal. La IA es la palanca que permite sostener el principio de calidad sobre cantidad sin aumentar esa carga operativa. (Ver Portafolio de Proyectos 2026-2, numeral 3.4.)"
documentacion-repositorio-permanente,Documentación y memoria institucional — NUEVO,19,Repositorio documental permanente de Estrategias Tecnológicas,"Diseñar y poner en marcha un repositorio propio de ET (carpeta estructurada en Drive con convención de nombres y metadatos mínimos: fecha, tipo de pieza, campaña, autor) donde se archive de forma permanente todo el material del área —piezas gráficas, videos, documentos de proyectos, credenciales y evidencias de gestión de redes— más allá de cada semestre, en articulación con el repositorio general que ya lidera Gestión del Conocimiento (GC). Adoptar el mecanismo propuesto en el empalme: que cada máster entrante tome accesos directos al repositorio único en lugar de copiar carpetas completas semestre a semestre, y mantener un asistente de IA con contexto del Drive (ej. Gemini) que permita ubicar cualquier archivo por consulta en lenguaje natural.","Un soporte documental único y organizado, disponible para cualquier monitor entrante desde el primer día de empalme, que reduzca el riesgo de pérdidas como la de la cuenta de Instagram y evite que el conocimiento del área se disperse entre semestres.","El diagnóstico identificó como brecha que ""el conocimiento generado se pierde si no se organiza"" (material disperso en Drive sin estructura accesible), y la contingencia de pérdida de la cuenta de Instagram evidencia de forma directa el costo de no contar con un respaldo documental centralizado de accesos, credenciales y activos del área."
documentacion-propuesta-drive-gc,Documentación y memoria institucional — NUEVO,20,Propuesta de reorganización del Drive UIFCE ante Gestión del Conocimiento (GC),"Presentar a GC la propuesta formal de repositorio documental permanente para todo el Drive de UIFCE: separar el contenido vigente de cada semestre del contenido permanente por proyecto de continuidad, con convención común de nomenclatura y uso de accesos directos en lugar de copias, tomando como piloto la carpeta ya reorganizada de ET 2026-2. Acordar con GC qué proyectos migran primero al repositorio permanente y quién lidera la migración del material disperso ya existente.","Aval de GC sobre el modelo propuesto, creación de la carpeta piloto ""ET — Repositorio Permanente"" dentro del Drive general, y un plan de migración acordado en conjunto para el contenido histórico disperso.","El diagnóstico identificó que el conocimiento del área se pierde si no se organiza, y la reunión de empalme entre la líder saliente y la entrante llegó de forma independiente a la misma conclusión: dejar de copiar carpetas completas semestre a semestre y usar accesos directos hacia un repositorio único por proyecto. Como el Drive general lo administra GC y no ET, esta idea requiere una propuesta formal y su aval antes de poder ejecutarse."
acompanamiento-interarea,Acompañamiento interárea,21,Acompañamiento Interárea,"Ejecutar la matriz de acompañamiento a Apoyos Académicos, Gestión del Conocimiento, Desarrollo, Virtualización, Cursos Libres y Coordinación bajo el protocolo de solicitud definido: canal único ante el Máster ET, SLA de 5 días hábiles para piezas puntuales y 4 semanas para campañas institucionales, y criterios de priorización ante solicitudes simultáneas.","Cumplimiento del SLA en al menos el 80% de las solicitudes, y necesidades de las seis áreas recogidas formalmente en la reunión de planeación de inicio de semestre.","La Guía de Empalme UIFCE ya reconoce a ET como responsable de redes sociales y difusión y como colaborador en micrositio, certificados y YouTube; este ítem traduce ese reconocimiento en compromisos operativos concretos."
